-- =====================================================
-- Expositor Seed Data
-- Generated: 2025-11-11T12:38:59.259Z
-- =====================================================
-- This script will DELETE all existing data from study_group, 
-- study, and passage tables, then INSERT the snapshot data.
-- 
-- To execute this script, run:
--   psql $DATABASE_URL -f scripts/seed-data.sql
-- =====================================================

-- Disable triggers during data load (optional, for safety)
SET session_replication_role = replica;

-- Delete existing data (in correct order to respect foreign keys)
DELETE FROM passage;
DELETE FROM study;
DELETE FROM study_group;

-- Insert data for study_group
INSERT INTO study_group (id, name, subtitle, description, userId, parentGroupId, displayOrder, isCollapsed, createdAt, updatedAt) VALUES
  ('15d13607-7df7-45d9-99db-29e863a4570e', 'SG 006', NULL, NULL, 'SlBDdjqnZ5hCyXG7MidBkDDq5y0K2o31', 'aee2f9c2-c3d2-410a-b236-1d4f8fd4f576', 20, true, '2025-11-11T12:27:32.969Z', '2025-11-11T12:32:46.506Z'),
  ('aee2f9c2-c3d2-410a-b236-1d4f8fd4f576', 'SG 005', NULL, NULL, 'SlBDdjqnZ5hCyXG7MidBkDDq5y0K2o31', '855f0a14-5195-4a67-b9de-11a791408948', 19, true, '2025-11-11T12:27:23.290Z', '2025-11-11T12:32:47.880Z'),
  ('e9f6ad0e-7ea1-491f-9d99-5c1b36a93521', 'Early Church of Jerusalem', 'Acts 1-7', 'A comprehensive expository study of the first church as presented in the book of Acts. Beginning with the ascension of Jesus and concluding with the martyrdom of Stephen.', 'SlBDdjqnZ5hCyXG7MidBkDDq5y0K2o31', NULL, 0, true, '2025-11-01T12:28:39.372Z', '2025-11-11T12:26:33.378Z'),
  ('9d3173fe-4c2e-4b34-80d6-28c415f8cadd', 'Set Free', 'A Study of Galatians', NULL, 'SlBDdjqnZ5hCyXG7MidBkDDq5y0K2o31', NULL, 3, true, '2025-11-01T12:44:53.960Z', '2025-11-09T13:53:58.771Z'),
  ('855f0a14-5195-4a67-b9de-11a791408948', 'SG 004', NULL, NULL, 'SlBDdjqnZ5hCyXG7MidBkDDq5y0K2o31', '9b25404e-3d68-465c-9fc8-7e52ce4ab817', 18, true, '2025-11-11T12:27:05.639Z', '2025-11-11T12:32:49.124Z'),
  ('3e40ec90-ad8b-4c68-8ec9-d2dfe8ebcfc2', 'Church 101', NULL, NULL, 'SlBDdjqnZ5hCyXG7MidBkDDq5y0K2o31', 'eb8dc38f-d9ba-4f4c-8dce-b75719b4f22a', 9, true, '2025-11-03T02:34:39.789Z', '2025-11-03T16:07:02.935Z'),
  ('c273fbc0-f49f-449e-bf02-93557b634cc6', 'Epic', NULL, NULL, 'SlBDdjqnZ5hCyXG7MidBkDDq5y0K2o31', 'eb8dc38f-d9ba-4f4c-8dce-b75719b4f22a', 10, true, '2025-11-03T02:34:52.130Z', '2025-11-03T16:10:02.549Z'),
  ('8016a476-7b20-4dbf-9b09-8c6e7381a325', 'Generous', NULL, NULL, 'SlBDdjqnZ5hCyXG7MidBkDDq5y0K2o31', 'eb8dc38f-d9ba-4f4c-8dce-b75719b4f22a', 11, true, '2025-11-03T02:35:12.130Z', '2025-11-03T16:12:46.562Z'),
  ('deb1913c-4a07-494b-82cf-4bffdf220300', 'One', NULL, NULL, 'SlBDdjqnZ5hCyXG7MidBkDDq5y0K2o31', 'eb8dc38f-d9ba-4f4c-8dce-b75719b4f22a', 14, true, '2025-11-03T02:36:00.011Z', '2025-11-03T16:25:23.183Z'),
  ('9b25404e-3d68-465c-9fc8-7e52ce4ab817', 'SG 003', NULL, NULL, 'SlBDdjqnZ5hCyXG7MidBkDDq5y0K2o31', '2daa61c7-94f4-4ee0-bd3f-d61e3efd9436', 17, true, '2025-11-11T12:26:57.368Z', '2025-11-11T12:32:51.312Z'),
  ('2daa61c7-94f4-4ee0-bd3f-d61e3efd9436', 'SG 002', NULL, NULL, 'SlBDdjqnZ5hCyXG7MidBkDDq5y0K2o31', '71a28f86-f4e9-4672-b352-a4731ad4fef5', 16, true, '2025-11-09T21:05:35.416Z', '2025-11-11T12:32:52.845Z'),
  ('71a28f86-f4e9-4672-b352-a4731ad4fef5', 'SG 001', NULL, NULL, 'SlBDdjqnZ5hCyXG7MidBkDDq5y0K2o31', NULL, 15, true, '2025-11-09T21:05:24.729Z', '2025-11-11T12:32:53.944Z'),
  ('20d4e395-0d0e-4a6e-98fe-cab2601095cb', 'Love & Respect', NULL, NULL, 'SlBDdjqnZ5hCyXG7MidBkDDq5y0K2o31', 'eb8dc38f-d9ba-4f4c-8dce-b75719b4f22a', 12, true, '2025-11-03T02:35:34.339Z', '2025-11-03T16:38:21.144Z'),
  ('dd4968a7-d0f9-4b34-9f83-584d57c037af', '24 Hours', NULL, NULL, 'SlBDdjqnZ5hCyXG7MidBkDDq5y0K2o31', 'eb8dc38f-d9ba-4f4c-8dce-b75719b4f22a', 7, true, '2025-11-03T02:30:59.294Z', '2025-11-09T13:17:55.010Z'),
  ('470a2744-648e-4203-9543-e8d19057af51', 'Jesus Who', NULL, NULL, 'SlBDdjqnZ5hCyXG7MidBkDDq5y0K2o31', NULL, 2, true, '2025-11-01T12:29:27.367Z', '2025-11-09T04:45:09.010Z'),
  ('ac7b1b03-b83a-442e-927f-c17918ba706c', 'Messiah', NULL, NULL, 'SlBDdjqnZ5hCyXG7MidBkDDq5y0K2o31', NULL, 4, true, '2025-11-01T13:10:43.132Z', '2025-11-09T04:45:11.577Z'),
  ('eb8dc38f-d9ba-4f4c-8dce-b75719b4f22a', 'Sermons 2012-2013', NULL, NULL, 'SlBDdjqnZ5hCyXG7MidBkDDq5y0K2o31', NULL, 5, true, '2025-11-03T02:29:06.595Z', '2025-11-09T21:33:22.187Z'),
  ('0c409bbd-b648-4085-96ab-589417b8a0ab', 'A Life of Faith', NULL, NULL, 'SlBDdjqnZ5hCyXG7MidBkDDq5y0K2o31', 'eb8dc38f-d9ba-4f4c-8dce-b75719b4f22a', 8, true, '2025-11-03T02:34:25.101Z', '2025-11-06T14:16:25.325Z');

-- Insert data for study
INSERT INTO study (id, title, subtitle, userId, groupId, createdAt, updatedAt) VALUES
  ('aa823b80-557c-4dfb-a764-1867d0d674ce', '08 Dedicated in the Temple', NULL, 'SlBDdjqnZ5hCyXG7MidBkDDq5y0K2o31', 'ac7b1b03-b83a-442e-927f-c17918ba706c', '2025-11-02T15:01:39.486Z', '2025-11-02T15:01:39.486Z'),
  ('e0028407-50be-4f73-9833-d4dea913b335', '01 Commission and Preparation', NULL, 'SlBDdjqnZ5hCyXG7MidBkDDq5y0K2o31', 'e9f6ad0e-7ea1-491f-9d99-5c1b36a93521', '2025-11-02T13:21:46.844Z', '2025-11-02T13:23:23.208Z'),
  ('4867ad80-b576-4076-889f-115c13d07ba1', '09 Sought by Wise Men', NULL, 'SlBDdjqnZ5hCyXG7MidBkDDq5y0K2o31', 'ac7b1b03-b83a-442e-927f-c17918ba706c', '2025-11-02T15:02:13.297Z', '2025-11-02T15:02:13.297Z'),
  ('b9ab547b-a113-4f94-a7ce-5bb76c739bd8', '03 Healing and Preaching', NULL, 'SlBDdjqnZ5hCyXG7MidBkDDq5y0K2o31', 'e9f6ad0e-7ea1-491f-9d99-5c1b36a93521', '2025-11-02T13:22:59.015Z', '2025-11-02T13:23:38.432Z'),
  ('303aaee6-1000-480a-b6b0-ef10cb9cf836', '10 Called Out of Egypt', NULL, 'SlBDdjqnZ5hCyXG7MidBkDDq5y0K2o31', 'ac7b1b03-b83a-442e-927f-c17918ba706c', '2025-11-02T15:03:09.621Z', '2025-11-02T15:03:09.621Z'),
  ('61c60cc8-fa55-4a5c-b7f6-0437499ec8d5', '02 Inspiration and Proclamation', NULL, 'SlBDdjqnZ5hCyXG7MidBkDDq5y0K2o31', 'e9f6ad0e-7ea1-491f-9d99-5c1b36a93521', '2025-11-02T13:22:35.709Z', '2025-11-02T13:23:56.949Z'),
  ('af285a6c-8cdd-4302-902c-992b814ea843', '04 Arrest and Release', NULL, 'SlBDdjqnZ5hCyXG7MidBkDDq5y0K2o31', 'e9f6ad0e-7ea1-491f-9d99-5c1b36a93521', '2025-11-02T13:24:42.966Z', '2025-11-02T13:24:42.966Z'),
  ('4e382f36-d5d4-4790-85d7-1c1cd35d46e4', '05 Deception, Discipline and Detention', NULL, 'SlBDdjqnZ5hCyXG7MidBkDDq5y0K2o31', 'e9f6ad0e-7ea1-491f-9d99-5c1b36a93521', '2025-11-02T13:25:16.635Z', '2025-11-02T13:25:28.920Z'),
  ('753562d7-f40a-43e1-80d6-e340f277895d', '06 Problem, Solution and Accusation', NULL, 'SlBDdjqnZ5hCyXG7MidBkDDq5y0K2o31', 'e9f6ad0e-7ea1-491f-9d99-5c1b36a93521', '2025-11-02T13:25:48.748Z', '2025-11-02T13:26:05.304Z'),
  ('a789d6c8-eab3-48cc-85c6-36b031ea24cd', '07 A Sermon and Some Stones', NULL, 'SlBDdjqnZ5hCyXG7MidBkDDq5y0K2o31', 'e9f6ad0e-7ea1-491f-9d99-5c1b36a93521', '2025-11-02T13:26:46.163Z', '2025-11-02T13:26:46.163Z'),
  ('7be71e32-9105-465f-a72d-be8a56481490', '01 Gospel', 'Truth vs Distortion', 'SlBDdjqnZ5hCyXG7MidBkDDq5y0K2o31', '9d3173fe-4c2e-4b34-80d6-28c415f8cadd', '2025-11-02T15:05:00.877Z', '2025-11-02T15:05:00.877Z'),
  ('8b1220e8-bf81-45e4-94a7-f807b3c3fc2c', '02 Defense', 'God vs Man', 'SlBDdjqnZ5hCyXG7MidBkDDq5y0K2o31', '9d3173fe-4c2e-4b34-80d6-28c415f8cadd', '2025-11-02T15:05:59.542Z', '2025-11-02T15:05:59.542Z'),
  ('806cb7ac-214f-4e2b-bb2d-c3a2d7398c9f', '01 Jesus as God', 'Seek him and you will find him.', 'SlBDdjqnZ5hCyXG7MidBkDDq5y0K2o31', '470a2744-648e-4203-9543-e8d19057af51', '2025-11-02T13:30:30.818Z', '2025-11-02T14:02:52.798Z'),
  ('a99e8de1-d396-4688-a0c3-dd1340746920', '02 Jesus as Creator', 'Trust him. He knows you inside and out.', 'SlBDdjqnZ5hCyXG7MidBkDDq5y0K2o31', '470a2744-648e-4203-9543-e8d19057af51', '2025-11-02T13:33:22.276Z', '2025-11-02T14:03:15.177Z'),
  ('5cc6e667-4dac-4e61-8de2-352bb4f3f55c', '03 Jesus as Judge', 'Repent. Turn from sin. He will forgive you.', 'SlBDdjqnZ5hCyXG7MidBkDDq5y0K2o31', '470a2744-648e-4203-9543-e8d19057af51', '2025-11-02T13:36:07.772Z', '2025-11-02T14:03:46.418Z'),
  ('6e867178-1cac-47ee-b37e-a665d446fb63', '04 Jesus as Christ', 'Confess that he is both Lord and Christ.', 'SlBDdjqnZ5hCyXG7MidBkDDq5y0K2o31', '470a2744-648e-4203-9543-e8d19057af51', '2025-11-02T14:00:29.692Z', '2025-11-02T14:07:03.870Z'),
  ('799d309c-020b-4520-8fcd-73d55f22006d', '05 Jesus as Savior', 'Be baptized and wash away your sins.', 'SlBDdjqnZ5hCyXG7MidBkDDq5y0K2o31', '470a2744-648e-4203-9543-e8d19057af51', '2025-11-02T14:06:56.494Z', '2025-11-02T14:09:42.887Z'),
  ('d705cde9-b6dc-466a-8420-b645e3190b7f', '06 Jesus as Lord', 'Deny yourself. Take up your cross. And follow him.', 'SlBDdjqnZ5hCyXG7MidBkDDq5y0K2o31', '470a2744-648e-4203-9543-e8d19057af51', '2025-11-02T14:12:19.473Z', '2025-11-02T14:12:19.473Z'),
  ('11dacbc8-dacc-4bb6-aa55-4dbbe8ecd836', '01 Eternal God', NULL, 'SlBDdjqnZ5hCyXG7MidBkDDq5y0K2o31', 'ac7b1b03-b83a-442e-927f-c17918ba706c', '2025-11-02T14:56:03.172Z', '2025-11-02T14:56:03.172Z'),
  ('d6de854d-dfa3-4368-aab2-80729cd73def', '02 Descendant of David', NULL, 'SlBDdjqnZ5hCyXG7MidBkDDq5y0K2o31', 'ac7b1b03-b83a-442e-927f-c17918ba706c', '2025-11-02T14:57:08.612Z', '2025-11-02T14:57:08.612Z'),
  ('95899f56-cd70-4b3c-aa8f-3996cbdc7d94', '03 Born of a Virgin', NULL, 'SlBDdjqnZ5hCyXG7MidBkDDq5y0K2o31', 'ac7b1b03-b83a-442e-927f-c17918ba706c', '2025-11-02T14:57:46.079Z', '2025-11-02T14:57:46.079Z'),
  ('52585afe-e5b1-4c52-8b1e-c1cc0bc6f923', '04 A Prayerful Mother', NULL, 'SlBDdjqnZ5hCyXG7MidBkDDq5y0K2o31', 'ac7b1b03-b83a-442e-927f-c17918ba706c', '2025-11-02T14:58:52.517Z', '2025-11-02T14:58:58.579Z'),
  ('18694593-da95-4a48-9438-9617946f3277', '05 Entrusted to a Carpenter', NULL, 'SlBDdjqnZ5hCyXG7MidBkDDq5y0K2o31', 'ac7b1b03-b83a-442e-927f-c17918ba706c', '2025-11-02T14:59:26.814Z', '2025-11-02T14:59:26.814Z'),
  ('ca422099-4cba-417e-a587-0b9873618b33', '06 God Incarnate', NULL, 'SlBDdjqnZ5hCyXG7MidBkDDq5y0K2o31', 'ac7b1b03-b83a-442e-927f-c17918ba706c', '2025-11-02T14:59:53.585Z', '2025-11-02T14:59:53.585Z'),
  ('44a4b899-e771-462e-afab-a94958379ce4', '07 Worshiped by Shepherds', NULL, 'SlBDdjqnZ5hCyXG7MidBkDDq5y0K2o31', 'ac7b1b03-b83a-442e-927f-c17918ba706c', '2025-11-02T15:00:51.763Z', '2025-11-02T15:00:51.763Z'),
  ('4346b6c4-7dcc-4710-9358-55643563a52a', '04 Salvation', 'Faith vs Works', 'SlBDdjqnZ5hCyXG7MidBkDDq5y0K2o31', '9d3173fe-4c2e-4b34-80d6-28c415f8cadd', '2025-11-02T15:07:11.653Z', '2025-11-02T15:07:11.653Z'),
  ('21caa8d9-ab6c-499b-8d0f-cb90c75c754c', '03 Confrontation', 'Paul vs Peter', 'SlBDdjqnZ5hCyXG7MidBkDDq5y0K2o31', '9d3173fe-4c2e-4b34-80d6-28c415f8cadd', '2025-11-02T15:06:29.428Z', '2025-11-02T15:07:17.425Z'),
  ('b5a9312f-707f-4b06-ae35-2c313ecda47c', '05 Covenants', 'Promise vs Law', 'SlBDdjqnZ5hCyXG7MidBkDDq5y0K2o31', '9d3173fe-4c2e-4b34-80d6-28c415f8cadd', '2025-11-02T15:07:49.447Z', '2025-11-02T15:07:49.447Z'),
  ('dfbc8375-c883-47a6-938a-6416c28aca27', '06 Inheritance', 'Sons vs Slaves', 'SlBDdjqnZ5hCyXG7MidBkDDq5y0K2o31', '9d3173fe-4c2e-4b34-80d6-28c415f8cadd', '2025-11-02T15:08:21.435Z', '2025-11-02T15:08:21.435Z'),
  ('09dda63a-4c6a-4ad8-a562-e374cd590bdd', '07 Illustrations', 'Sarai vs Hagar', 'SlBDdjqnZ5hCyXG7MidBkDDq5y0K2o31', '9d3173fe-4c2e-4b34-80d6-28c415f8cadd', '2025-11-02T15:09:06.696Z', '2025-11-02T15:09:06.696Z'),
  ('d8e263f8-44e9-4ace-9ffe-0fd24938be77', '08 Circumcision', 'Freedom vs Obligation', 'SlBDdjqnZ5hCyXG7MidBkDDq5y0K2o31', '9d3173fe-4c2e-4b34-80d6-28c415f8cadd', '2025-11-02T15:09:50.662Z', '2025-11-02T15:09:50.662Z'),
  ('c4959db2-7abe-4b86-8e35-771cab805ced', '09 Walk', 'Spirit vs Flesh', 'SlBDdjqnZ5hCyXG7MidBkDDq5y0K2o31', '9d3173fe-4c2e-4b34-80d6-28c415f8cadd', '2025-11-02T15:10:25.546Z', '2025-11-02T15:10:31.683Z'),
  ('59b0581f-b342-48b2-82f6-966f2b223eb9', '10 Reaping', 'Life vs Corruption', 'SlBDdjqnZ5hCyXG7MidBkDDq5y0K2o31', '9d3173fe-4c2e-4b34-80d6-28c415f8cadd', '2025-11-02T15:11:08.308Z', '2025-11-02T15:11:08.308Z'),
  ('508695c3-b86b-45ae-98ea-12fd0f721597', 'El Roi', 'The God Who Sees', 'SlBDdjqnZ5hCyXG7MidBkDDq5y0K2o31', NULL, '2025-11-03T02:04:39.723Z', '2025-11-03T02:04:39.723Z'),
  ('e5fbd8bb-6afe-427d-990b-3980403fc126', 'The Third Man', NULL, 'SlBDdjqnZ5hCyXG7MidBkDDq5y0K2o31', NULL, '2025-11-03T02:05:51.699Z', '2025-11-03T02:05:51.699Z'),
  ('e0a2da62-04f5-43df-b8c6-99c5a3bdac4c', 'A Worthy Life', NULL, 'SlBDdjqnZ5hCyXG7MidBkDDq5y0K2o31', NULL, '2025-11-03T02:08:20.337Z', '2025-11-03T02:08:20.337Z'),
  ('5eca3a37-5f25-4c8d-93b8-2b432ebc17c6', 'Elders', NULL, 'SlBDdjqnZ5hCyXG7MidBkDDq5y0K2o31', NULL, '2025-11-03T02:09:32.738Z', '2025-11-03T02:09:32.738Z'),
  ('8224550f-da0c-4613-97e6-d261910f540a', 'One Lord', NULL, 'SlBDdjqnZ5hCyXG7MidBkDDq5y0K2o31', NULL, '2025-11-03T02:13:57.152Z', '2025-11-03T02:13:57.152Z'),
  ('beca782b-c1ed-418d-b53e-9a4de043ecfc', 'Passed Down', NULL, 'SlBDdjqnZ5hCyXG7MidBkDDq5y0K2o31', NULL, '2025-11-03T02:25:21.822Z', '2025-11-03T02:25:21.822Z'),
  ('1b8b4085-224f-406c-91b8-a4b2b87ef81a', 'Thanksgiving Dinner', 'Communion', 'SlBDdjqnZ5hCyXG7MidBkDDq5y0K2o31', 'eb8dc38f-d9ba-4f4c-8dce-b75719b4f22a', '2025-11-03T02:27:26.352Z', '2025-11-03T02:36:26.675Z'),
  ('0c6bfd60-66ce-447c-9cfe-96d196e686e3', '02 The Final Determination', NULL, 'SlBDdjqnZ5hCyXG7MidBkDDq5y0K2o31', 'dd4968a7-d0f9-4b34-9f83-584d57c037af', '2025-11-03T15:50:36.777Z', '2025-11-03T15:50:36.777Z'),
  ('2b5a68f3-4da0-437f-b1b5-9ab14d23141a', '01 The New Covenant', NULL, 'SlBDdjqnZ5hCyXG7MidBkDDq5y0K2o31', 'dd4968a7-d0f9-4b34-9f83-584d57c037af', '2025-11-03T15:49:43.853Z', '2025-11-03T15:50:44.670Z'),
  ('010b27af-f28d-4f37-9350-385e7835fb43', 'Eternity', 'Just on the Other Side', 'SlBDdjqnZ5hCyXG7MidBkDDq5y0K2o31', 'eb8dc38f-d9ba-4f4c-8dce-b75719b4f22a', '2025-11-03T02:07:03.765Z', '2025-11-03T16:19:22.533Z'),
  ('d978b74a-aa62-48d0-9f3e-d7939258d068', '03 The Quiet Calm', NULL, 'SlBDdjqnZ5hCyXG7MidBkDDq5y0K2o31', 'dd4968a7-d0f9-4b34-9f83-584d57c037af', '2025-11-03T15:51:34.139Z', '2025-11-03T15:51:41.210Z'),
  ('65d50e01-1090-4fee-b6f6-d8a1285048d1', '04 The Honest Defense', NULL, 'SlBDdjqnZ5hCyXG7MidBkDDq5y0K2o31', 'dd4968a7-d0f9-4b34-9f83-584d57c037af', '2025-11-03T15:52:41.874Z', '2025-11-03T15:52:41.874Z'),
  ('3c819a42-bdf1-40dc-9302-edee6e020818', '05 The Bloodied Procession', NULL, 'SlBDdjqnZ5hCyXG7MidBkDDq5y0K2o31', 'dd4968a7-d0f9-4b34-9f83-584d57c037af', '2025-11-03T15:55:48.391Z', '2025-11-03T15:55:48.391Z'),
  ('2314f415-b9bd-4c2f-bce0-61e3dc844d29', '06 The Brutal Crucifixion', NULL, 'SlBDdjqnZ5hCyXG7MidBkDDq5y0K2o31', 'dd4968a7-d0f9-4b34-9f83-584d57c037af', '2025-11-03T15:57:50.155Z', '2025-11-03T15:57:50.155Z'),
  ('65027af3-e7c9-48f1-b570-86d041fb21f4', '07 The Final Payment', NULL, 'SlBDdjqnZ5hCyXG7MidBkDDq5y0K2o31', 'dd4968a7-d0f9-4b34-9f83-584d57c037af', '2025-11-03T15:58:43.908Z', '2025-11-03T15:58:43.908Z'),
  ('cd26d130-04d5-49d1-9853-eab8cc33ee44', '08 The Broken Barriers', NULL, 'SlBDdjqnZ5hCyXG7MidBkDDq5y0K2o31', 'dd4968a7-d0f9-4b34-9f83-584d57c037af', '2025-11-03T15:59:29.235Z', '2025-11-03T15:59:29.235Z'),
  ('02ae6f59-58fe-4c71-9af9-f807967d297c', '01 Faith to Rish', NULL, 'SlBDdjqnZ5hCyXG7MidBkDDq5y0K2o31', '0c409bbd-b648-4085-96ab-589417b8a0ab', '2025-11-03T16:00:48.817Z', '2025-11-03T16:00:48.817Z'),
  ('c09f2e31-c5d5-4660-990c-3b0e50e21078', '02 Faith to Refuse', NULL, 'SlBDdjqnZ5hCyXG7MidBkDDq5y0K2o31', '0c409bbd-b648-4085-96ab-589417b8a0ab', '2025-11-03T16:01:29.209Z', '2025-11-03T16:01:29.209Z'),
  ('e7fa9f2b-ad49-4767-bef8-68e101acf5eb', '03 Faith to Endure', NULL, 'SlBDdjqnZ5hCyXG7MidBkDDq5y0K2o31', '0c409bbd-b648-4085-96ab-589417b8a0ab', '2025-11-03T16:02:22.263Z', '2025-11-03T16:02:22.263Z'),
  ('b0b25010-8ddb-4b91-a715-16335d5d3e9c', '04 Faith to Obey', NULL, 'SlBDdjqnZ5hCyXG7MidBkDDq5y0K2o31', '0c409bbd-b648-4085-96ab-589417b8a0ab', '2025-11-03T16:03:02.114Z', '2025-11-03T16:03:02.114Z'),
  ('c6c6138e-91c4-4836-b149-8cd224b6de22', '05 Faith to be Delivered', NULL, 'SlBDdjqnZ5hCyXG7MidBkDDq5y0K2o31', '0c409bbd-b648-4085-96ab-589417b8a0ab', '2025-11-03T16:03:48.947Z', '2025-11-03T16:03:48.947Z'),
  ('aab6ea6c-8372-4965-bf53-d5b0367edc2a', '01 Life with God', NULL, 'SlBDdjqnZ5hCyXG7MidBkDDq5y0K2o31', '3e40ec90-ad8b-4c68-8ec9-d2dfe8ebcfc2', '2025-11-03T16:05:08.596Z', '2025-11-03T16:05:08.596Z'),
  ('15b8b281-050d-480c-8a5f-9221ae2593ab', '02 Life with People', NULL, 'SlBDdjqnZ5hCyXG7MidBkDDq5y0K2o31', '3e40ec90-ad8b-4c68-8ec9-d2dfe8ebcfc2', '2025-11-03T16:05:53.666Z', '2025-11-03T16:05:53.666Z'),
  ('f6b05757-7193-4817-a8eb-3af0dfe7c935', '03 Life of Service', NULL, 'SlBDdjqnZ5hCyXG7MidBkDDq5y0K2o31', '3e40ec90-ad8b-4c68-8ec9-d2dfe8ebcfc2', '2025-11-03T16:06:59.603Z', '2025-11-03T16:06:59.603Z'),
  ('4663a6f7-d1e2-44e7-a6c9-383488812a1a', '01 The Heavenly Women', NULL, 'SlBDdjqnZ5hCyXG7MidBkDDq5y0K2o31', 'c273fbc0-f49f-449e-bf02-93557b634cc6', '2025-11-03T16:07:38.675Z', '2025-11-03T16:07:38.675Z'),
  ('7899d57d-5417-40ab-88db-8fa0dfc4d897', '02 The Red Dragon', NULL, 'SlBDdjqnZ5hCyXG7MidBkDDq5y0K2o31', 'c273fbc0-f49f-449e-bf02-93557b634cc6', '2025-11-03T16:08:19.283Z', '2025-11-03T16:08:19.283Z'),
  ('007127f0-1d95-48d3-a3d4-63731ad7a0a4', '03 The Ruling Son', NULL, 'SlBDdjqnZ5hCyXG7MidBkDDq5y0K2o31', 'c273fbc0-f49f-449e-bf02-93557b634cc6', '2025-11-03T16:09:19.361Z', '2025-11-03T16:09:19.361Z'),
  ('b56f453e-04a0-4e2f-aed3-23399fb764a7', '04 The Epic Moment', NULL, 'SlBDdjqnZ5hCyXG7MidBkDDq5y0K2o31', 'c273fbc0-f49f-449e-bf02-93557b634cc6', '2025-11-03T16:10:00.371Z', '2025-11-03T16:10:00.371Z'),
  ('84b64c3e-d2b7-42f6-8cca-ec6175701ba2', '01 Principle. Practice. Promise.', NULL, 'SlBDdjqnZ5hCyXG7MidBkDDq5y0K2o31', '8016a476-7b20-4dbf-9b09-8c6e7381a325', '2025-11-03T16:11:41.098Z', '2025-11-03T16:11:41.098Z'),
  ('46af074a-803a-42d9-b6f4-fc7899447a22', '02 Purpose. Process. Praise.', NULL, 'SlBDdjqnZ5hCyXG7MidBkDDq5y0K2o31', '8016a476-7b20-4dbf-9b09-8c6e7381a325', '2025-11-03T16:12:25.473Z', '2025-11-03T16:12:32.679Z'),
  ('6e491cf7-43ee-4654-a74a-be7095f82a0c', '01 The Big Picture', NULL, 'SlBDdjqnZ5hCyXG7MidBkDDq5y0K2o31', '20d4e395-0d0e-4a6e-98fe-cab2601095cb', '2025-11-03T16:13:50.415Z', '2025-11-03T16:13:50.415Z'),
  ('6f7bcc8f-a097-4bea-93b7-042969cb9b11', '03 Think Differently', NULL, 'SlBDdjqnZ5hCyXG7MidBkDDq5y0K2o31', '20d4e395-0d0e-4a6e-98fe-cab2601095cb', '2025-11-03T16:14:33.728Z', '2025-11-03T16:16:27.765Z'),
  ('b351cac5-f31f-4783-b96e-dea8b9601a54', '04 Pure Passion', NULL, 'SlBDdjqnZ5hCyXG7MidBkDDq5y0K2o31', '20d4e395-0d0e-4a6e-98fe-cab2601095cb', '2025-11-03T16:15:07.694Z', '2025-11-03T16:16:35.257Z'),
  ('06711569-142b-49da-80aa-8939d210de33', '05 Secrets for Success', NULL, 'SlBDdjqnZ5hCyXG7MidBkDDq5y0K2o31', '20d4e395-0d0e-4a6e-98fe-cab2601095cb', '2025-11-03T16:16:09.805Z', '2025-11-03T16:16:41.739Z'),
  ('deecc6cb-a37f-4c90-a43b-9bd94d85497f', '02 Submission Mission', NULL, 'SlBDdjqnZ5hCyXG7MidBkDDq5y0K2o31', '20d4e395-0d0e-4a6e-98fe-cab2601095cb', '2025-11-03T16:17:19.415Z', '2025-11-03T16:17:19.415Z'),
  ('e5933297-37b0-47ce-ad4f-a050897fe8b0', '06 Hot Topics', NULL, 'SlBDdjqnZ5hCyXG7MidBkDDq5y0K2o31', '20d4e395-0d0e-4a6e-98fe-cab2601095cb', '2025-11-03T16:18:06.788Z', '2025-11-03T16:18:13.694Z'),
  ('7364ef09-84f9-49a5-8f26-76477beeaa99', '02 One Spirit. One Hope.', NULL, 'SlBDdjqnZ5hCyXG7MidBkDDq5y0K2o31', 'deb1913c-4a07-494b-82cf-4bffdf220300', '2025-11-03T16:21:59.256Z', '2025-11-03T16:22:06.507Z'),
  ('c4572b01-f7fd-4371-b9a7-32738729f039', '01 One Body', NULL, 'SlBDdjqnZ5hCyXG7MidBkDDq5y0K2o31', 'deb1913c-4a07-494b-82cf-4bffdf220300', '2025-11-03T16:19:58.703Z', '2025-11-03T16:22:29.971Z'),
  ('37fb648a-1584-484c-85b5-59b1af45f4fc', '03 One Lord. One Faith.', NULL, 'SlBDdjqnZ5hCyXG7MidBkDDq5y0K2o31', 'deb1913c-4a07-494b-82cf-4bffdf220300', '2025-11-03T16:23:39.281Z', '2025-11-03T16:23:39.281Z'),
  ('aece5063-9b9d-4a2a-a23d-13196dafa3e7', '04 One Baptism. One Father', NULL, 'SlBDdjqnZ5hCyXG7MidBkDDq5y0K2o31', 'deb1913c-4a07-494b-82cf-4bffdf220300', '2025-11-03T16:25:18.127Z', '2025-11-03T16:25:18.127Z'),
  ('b9d158a2-8ad1-4dcd-820c-64d909989974', 'SG 001 - SI 002', NULL, 'SlBDdjqnZ5hCyXG7MidBkDDq5y0K2o31', '71a28f86-f4e9-4672-b352-a4731ad4fef5', '2025-11-09T21:28:21.532Z', '2025-11-09T21:28:21.532Z'),
  ('b0a239f4-3262-482e-8a6e-c375b0cbcad4', 'SG 001 - SI 003', NULL, 'SlBDdjqnZ5hCyXG7MidBkDDq5y0K2o31', '71a28f86-f4e9-4672-b352-a4731ad4fef5', '2025-11-09T21:28:35.814Z', '2025-11-09T21:28:35.814Z'),
  ('2d11b2b6-b097-4127-8bc2-1b1801d3ad1f', 'SG 002 - SI 002', NULL, 'SlBDdjqnZ5hCyXG7MidBkDDq5y0K2o31', '2daa61c7-94f4-4ee0-bd3f-d61e3efd9436', '2025-11-09T21:28:57.413Z', '2025-11-09T21:28:57.413Z'),
  ('cfe19e58-8e8f-4fa1-93b4-dcb267023e7f', 'SG 002 - SI 003', NULL, 'SlBDdjqnZ5hCyXG7MidBkDDq5y0K2o31', '2daa61c7-94f4-4ee0-bd3f-d61e3efd9436', '2025-11-09T21:29:04.755Z', '2025-11-09T21:29:04.755Z'),
  ('ff818436-1493-453b-805c-f4fc27544f02', 'SG 003 - SI 002', NULL, 'SlBDdjqnZ5hCyXG7MidBkDDq5y0K2o31', '9b25404e-3d68-465c-9fc8-7e52ce4ab817', '2025-11-09T21:29:21.235Z', '2025-11-11T12:27:38.839Z'),
  ('b09a9871-69a7-4121-bf61-88ead09e1954', 'SG 003 - SI 003', NULL, 'SlBDdjqnZ5hCyXG7MidBkDDq5y0K2o31', '9b25404e-3d68-465c-9fc8-7e52ce4ab817', '2025-11-09T21:29:30.154Z', '2025-11-11T12:27:43.492Z'),
  ('574816ee-eea4-41e2-8f32-c2fc8afa92c6', 'SG 001 - SI 001', NULL, 'SlBDdjqnZ5hCyXG7MidBkDDq5y0K2o31', '71a28f86-f4e9-4672-b352-a4731ad4fef5', '2025-11-11T12:28:15.892Z', '2025-11-11T12:28:15.892Z'),
  ('fe2b1859-6d74-4446-9927-8773c9547918', 'SG 002 - SI 001', NULL, 'SlBDdjqnZ5hCyXG7MidBkDDq5y0K2o31', '2daa61c7-94f4-4ee0-bd3f-d61e3efd9436', '2025-11-11T12:28:40.131Z', '2025-11-11T12:28:40.131Z'),
  ('c589df0d-f7f7-4d97-b607-b483f365a48f', 'SG 003 - SI 001', NULL, 'SlBDdjqnZ5hCyXG7MidBkDDq5y0K2o31', '9b25404e-3d68-465c-9fc8-7e52ce4ab817', '2025-11-11T12:29:15.986Z', '2025-11-11T12:29:15.986Z'),
  ('e935987e-492b-4c0a-9cbe-094b05c82f87', 'SG 004 - SI 001', NULL, 'SlBDdjqnZ5hCyXG7MidBkDDq5y0K2o31', '855f0a14-5195-4a67-b9de-11a791408948', '2025-11-11T12:31:29.338Z', '2025-11-11T12:31:29.338Z'),
  ('0e2cd4bb-d65c-497d-87eb-b4c84404f9e9', 'SG 004 - SI 002', NULL, 'SlBDdjqnZ5hCyXG7MidBkDDq5y0K2o31', '855f0a14-5195-4a67-b9de-11a791408948', '2025-11-11T12:31:37.530Z', '2025-11-11T12:31:37.530Z'),
  ('2e226e88-8a7a-492e-9aeb-a4c08fda9ce1', 'SG 004 - SI 003', NULL, 'SlBDdjqnZ5hCyXG7MidBkDDq5y0K2o31', '855f0a14-5195-4a67-b9de-11a791408948', '2025-11-11T12:31:44.897Z', '2025-11-11T12:31:44.897Z'),
  ('8321b062-a65b-405e-ae5d-0647d0dcc6e8', 'SG 005 - SI 001', NULL, 'SlBDdjqnZ5hCyXG7MidBkDDq5y0K2o31', 'aee2f9c2-c3d2-410a-b236-1d4f8fd4f576', '2025-11-11T12:32:01.622Z', '2025-11-11T12:32:01.622Z'),
  ('249cb9c4-9e3d-4d4a-a48b-15386454bed9', 'SG 005 - SI 002', NULL, 'SlBDdjqnZ5hCyXG7MidBkDDq5y0K2o31', 'aee2f9c2-c3d2-410a-b236-1d4f8fd4f576', '2025-11-11T12:32:08.839Z', '2025-11-11T12:32:08.839Z'),
  ('9eab4ac2-b3fb-4b44-ad5d-22f0341b45c8', 'SG 005 - SI 003', NULL, 'SlBDdjqnZ5hCyXG7MidBkDDq5y0K2o31', 'aee2f9c2-c3d2-410a-b236-1d4f8fd4f576', '2025-11-11T12:32:15.356Z', '2025-11-11T12:32:15.356Z'),
  ('9c682ecf-c34b-4604-87c6-57225aa46e6a', 'SG 006 - SI 001', NULL, 'SlBDdjqnZ5hCyXG7MidBkDDq5y0K2o31', '15d13607-7df7-45d9-99db-29e863a4570e', '2025-11-11T12:32:28.066Z', '2025-11-11T12:32:28.066Z'),
  ('317fb9de-05d7-46b0-9f8b-e478a94ae319', 'SG 006 - SI 002', NULL, 'SlBDdjqnZ5hCyXG7MidBkDDq5y0K2o31', '15d13607-7df7-45d9-99db-29e863a4570e', '2025-11-11T12:32:35.290Z', '2025-11-11T12:32:35.290Z'),
  ('00b8e754-9cbd-498f-bb7d-eaabf8ed08d4', 'SG 006 - SI 003', NULL, 'SlBDdjqnZ5hCyXG7MidBkDDq5y0K2o31', '15d13607-7df7-45d9-99db-29e863a4570e', '2025-11-11T12:32:42.266Z', '2025-11-11T12:32:42.266Z');

-- Insert data for passage
INSERT INTO passage (id, studyId, testament, bookId, bookName, fromChapter, toChapter, fromVerse, toVerse, displayOrder, createdAt) VALUES
  ('7e63eb0a-8a28-4599-ac99-a59edf92a0a6', 'e0028407-50be-4f73-9833-d4dea913b335', 'NT', 'AC', 'Acts', 1, 1, 1, 26, 0, '2025-11-02T13:23:23.208Z'),
  ('a983ed00-bfd5-44bc-bb1d-e32fe321fb5f', 'b9ab547b-a113-4f94-a7ce-5bb76c739bd8', 'NT', 'AC', 'Acts', 3, 3, 1, 26, 0, '2025-11-02T13:23:38.432Z'),
  ('b1925e92-90b8-42e2-9fb7-4b87f7c027a9', '61c60cc8-fa55-4a5c-b7f6-0437499ec8d5', 'NT', 'AC', 'Acts', 2, 2, 1, 47, 0, '2025-11-02T13:23:56.949Z'),
  ('b0f94479-ad86-4c2c-8807-cee397594e4e', 'af285a6c-8cdd-4302-902c-992b814ea843', 'NT', 'AC', 'Acts', 4, 4, 1, 37, 0, '2025-11-02T13:24:42.966Z'),
  ('700ee602-fbb3-4291-b360-3a54e2e41677', '4e382f36-d5d4-4790-85d7-1c1cd35d46e4', 'NT', 'AC', 'Acts', 5, 5, 1, 42, 0, '2025-11-02T13:25:28.920Z'),
  ('bab41758-e420-42e5-a8e8-8d0264266fd8', '753562d7-f40a-43e1-80d6-e340f277895d', 'NT', 'AC', 'Acts', 6, 6, 1, 15, 0, '2025-11-02T13:26:05.304Z'),
  ('f53134dc-4e0b-4623-af4c-9422cdcc4aa2', 'a789d6c8-eab3-48cc-85c6-36b031ea24cd', 'NT', 'AC', 'Acts', 7, 7, 1, 60, 0, '2025-11-02T13:26:46.163Z'),
  ('acb87f0f-cfa9-40c4-9886-17b215a0f057', '806cb7ac-214f-4e2b-bb2d-c3a2d7398c9f', 'NT', 'MT', 'Matthew', 8, 8, 23, 27, 0, '2025-11-02T14:02:52.798Z'),
  ('b01a2bc8-b455-4a84-be39-b0a107d1eb54', '806cb7ac-214f-4e2b-bb2d-c3a2d7398c9f', 'NT', 'PH', 'Philippians', 2, 2, 5, 7, 1, '2025-11-02T14:02:52.798Z'),
  ('e9c0a060-6d38-4e7a-9135-14340d629e51', '806cb7ac-214f-4e2b-bb2d-c3a2d7398c9f', 'NT', 'TI', 'Titus', 2, 2, 13, 13, 2, '2025-11-02T14:02:52.798Z'),
  ('021e12b7-1104-47b3-bf5b-d1c5a5d8726e', '806cb7ac-214f-4e2b-bb2d-c3a2d7398c9f', 'NT', 'JN', 'John', 1, 1, 1, 2, 3, '2025-11-02T14:02:52.798Z'),
  ('5ea30839-e7a9-4304-a8e8-91362c6e80db', '806cb7ac-214f-4e2b-bb2d-c3a2d7398c9f', 'NT', 'AC', 'Acts', 17, 17, 26, 27, 4, '2025-11-02T14:02:52.798Z'),
  ('6997851d-4c62-41d5-9f93-3f8d1513d7a5', 'a99e8de1-d396-4688-a0c3-dd1340746920', 'NT', 'JN', 'John', 9, 9, 1, 6, 0, '2025-11-02T14:03:15.177Z'),
  ('dbd38c75-0383-4898-9d7a-18cffe1a356a', 'a99e8de1-d396-4688-a0c3-dd1340746920', 'OT', 'GE', 'Genesis', 3, 3, 7, 7, 1, '2025-11-02T14:03:15.177Z'),
  ('497c8b3a-daab-4fb7-8d2c-08443e27073b', 'a99e8de1-d396-4688-a0c3-dd1340746920', 'NT', 'JN', 'John', 1, 1, 3, 3, 2, '2025-11-02T14:03:15.177Z'),
  ('a9f30834-7cca-43ce-a620-02e483ff0799', 'a99e8de1-d396-4688-a0c3-dd1340746920', 'NT', 'HE', 'Hebrews', 1, 1, 1, 2, 3, '2025-11-02T14:03:15.177Z'),
  ('467e9fd9-cf32-4cd4-8b48-4084a2154e6c', 'a99e8de1-d396-4688-a0c3-dd1340746920', 'NT', 'CO', 'Colossians', 1, 1, 15, 16, 4, '2025-11-02T14:03:15.177Z'),
  ('13c735f9-f82d-4622-b8a7-94c9c3ede8a7', 'a99e8de1-d396-4688-a0c3-dd1340746920', 'NT', '2CO', '2 Corinthians', 5, 5, 17, 17, 5, '2025-11-02T14:03:15.177Z'),
  ('f86b07fc-3bb4-4d48-8947-e9a2ffad24cf', 'a99e8de1-d396-4688-a0c3-dd1340746920', 'NT', 'RE', 'Revelation', 21, 21, 3, 5, 6, '2025-11-02T14:03:15.177Z'),
  ('a4b99363-d16c-4044-ad14-712d44dc065d', '5cc6e667-4dac-4e61-8de2-352bb4f3f55c', 'NT', 'MT', 'Matthew', 21, 21, 12, 13, 0, '2025-11-02T14:03:46.418Z'),
  ('95980420-231e-4812-8117-f89b277c9155', '5cc6e667-4dac-4e61-8de2-352bb4f3f55c', 'NT', 'JN', 'John', 5, 5, 26, 27, 1, '2025-11-02T14:03:46.418Z'),
  ('1e39705a-d4e5-4aa7-80fb-c3e81ebb653d', '5cc6e667-4dac-4e61-8de2-352bb4f3f55c', 'NT', 'RO', 'Romans', 6, 6, 23, 23, 2, '2025-11-02T14:03:46.418Z'),
  ('418902c9-cf5d-47f6-b24e-a4b8521a3135', '5cc6e667-4dac-4e61-8de2-352bb4f3f55c', 'NT', '2TH', '2 Thessalonians', 1, 1, 6, 9, 3, '2025-11-02T14:03:46.418Z'),
  ('82fe7cb3-05cd-4a07-8ca7-9ff5c1c077c8', '5cc6e667-4dac-4e61-8de2-352bb4f3f55c', 'NT', 'AC', 'Acts', 17, 17, 30, 31, 4, '2025-11-02T14:03:46.418Z'),
  ('72adc574-5f95-4e9d-931b-882bb0e75e5e', '5cc6e667-4dac-4e61-8de2-352bb4f3f55c', 'NT', '2CO', '2 Corinthians', 6, 6, 9, 9, 5, '2025-11-02T14:03:46.418Z'),
  ('a2ede944-6321-4986-929c-7803f76f57b5', '6e867178-1cac-47ee-b37e-a665d446fb63', 'NT', 'MT', 'Matthew', 21, 21, 4, 11, 0, '2025-11-02T14:07:03.870Z'),
  ('951986b2-61a2-4142-98f6-313111da8458', '6e867178-1cac-47ee-b37e-a665d446fb63', 'NT', 'AC', 'Acts', 2, 2, 36, 36, 1, '2025-11-02T14:07:03.870Z'),
  ('22df3fe2-9ebe-47df-b75e-6055fd1377c5', '6e867178-1cac-47ee-b37e-a665d446fb63', 'NT', 'AC', 'Acts', 17, 17, 2, 3, 2, '2025-11-02T14:07:03.870Z'),
  ('6a5b94e7-53df-43a1-aaba-60d0a74819a0', '6e867178-1cac-47ee-b37e-a665d446fb63', 'NT', 'RO', 'Romans', 1, 1, 2, 4, 3, '2025-11-02T14:07:03.870Z'),
  ('db4f9acf-68bd-4786-a7f9-2e0b8feafea9', '6e867178-1cac-47ee-b37e-a665d446fb63', 'NT', 'RO', 'Romans', 10, 10, 9, 9, 4, '2025-11-02T14:07:03.870Z'),
  ('1f538974-ab1a-4c43-b520-c873fe72ba82', '6e867178-1cac-47ee-b37e-a665d446fb63', 'NT', 'MT', 'Matthew', 16, 16, 15, 16, 5, '2025-11-02T14:07:03.870Z'),
  ('e0d3dc6e-5628-4405-9b68-28c4dfe010b7', '799d309c-020b-4520-8fcd-73d55f22006d', 'NT', 'MK', 'Mark', 15, 15, 24, 24, 0, '2025-11-02T14:09:42.887Z'),
  ('422c08bd-2ef3-4a70-b1b1-ece88ca5044b', '799d309c-020b-4520-8fcd-73d55f22006d', 'NT', '1CO', '1 Corinthians', 15, 15, 3, 4, 1, '2025-11-02T14:09:42.887Z'),
  ('1993ab5f-ba90-491a-b4a5-e1b1d361bf79', '799d309c-020b-4520-8fcd-73d55f22006d', 'NT', 'RO', 'Romans', 5, 5, 8, 9, 2, '2025-11-02T14:09:42.887Z'),
  ('cae822da-c302-49a2-be3b-c5a07fc0e219', '799d309c-020b-4520-8fcd-73d55f22006d', 'NT', 'RO', 'Romans', 6, 6, 3, 4, 3, '2025-11-02T14:09:42.887Z'),
  ('fe3c5a7c-503d-4f09-b642-8cd410470fbf', '799d309c-020b-4520-8fcd-73d55f22006d', 'NT', 'AC', 'Acts', 2, 2, 38, 38, 4, '2025-11-02T14:09:42.887Z'),
  ('97620d8e-2012-4dad-9f55-767751f62412', '799d309c-020b-4520-8fcd-73d55f22006d', 'NT', 'AC', 'Acts', 22, 22, 16, 16, 5, '2025-11-02T14:09:42.887Z'),
  ('6130b5ff-25e9-4150-9407-a15aef970d11', 'd705cde9-b6dc-466a-8420-b645e3190b7f', 'NT', 'JN', 'John', 20, 20, 24, 29, 0, '2025-11-02T14:12:19.473Z'),
  ('63f87f46-1872-4de5-a69a-d36052761637', 'd705cde9-b6dc-466a-8420-b645e3190b7f', 'NT', 'MT', 'Matthew', 6, 6, 24, 24, 1, '2025-11-02T14:12:19.473Z'),
  ('936e43ee-c14a-4e2d-bd67-db874f7531a5', 'd705cde9-b6dc-466a-8420-b645e3190b7f', 'NT', 'MT', 'Matthew', 10, 10, 37, 37, 2, '2025-11-02T14:12:19.473Z'),
  ('5788bdfc-9b47-4fec-8589-500f27674e22', 'd705cde9-b6dc-466a-8420-b645e3190b7f', 'NT', 'MK', 'Mark', 8, 8, 34, 35, 3, '2025-11-02T14:12:19.473Z'),
  ('571c9fc6-8991-4cdc-b20f-f1340dc97026', 'd705cde9-b6dc-466a-8420-b645e3190b7f', 'NT', 'LK', 'Luke', 14, 14, 28, 30, 4, '2025-11-02T14:12:19.473Z'),
  ('3a010b30-bc87-41fd-bd8b-9259d6d23266', '11dacbc8-dacc-4bb6-aa55-4dbbe8ecd836', 'NT', 'JN', 'John', 1, 1, 1, 18, 0, '2025-11-02T14:56:03.172Z'),
  ('85da99e7-e3e6-4a77-bd76-4ce5a820df0c', 'd6de854d-dfa3-4368-aab2-80729cd73def', 'NT', 'MT', 'Matthew', 1, 1, 1, 17, 0, '2025-11-02T14:57:08.612Z'),
  ('de2a59a6-c7dc-4b96-ba16-6005971d2e5c', 'd6de854d-dfa3-4368-aab2-80729cd73def', 'NT', 'LK', 'Luke', 3, 3, 23, 38, 1, '2025-11-02T14:57:08.612Z'),
  ('a912e407-b995-4bb4-ab41-c18023865aec', '95899f56-cd70-4b3c-aa8f-3996cbdc7d94', 'NT', 'LK', 'Luke', 1, 1, 26, 45, 0, '2025-11-02T14:57:46.079Z'),
  ('edf3fe77-4587-4bcd-ab2c-df066752745b', '52585afe-e5b1-4c52-8b1e-c1cc0bc6f923', 'NT', 'LK', 'Luke', 1, 1, 46, 56, 0, '2025-11-02T14:58:58.579Z'),
  ('8fe941c3-7d95-4bf9-a25d-1f6ac8456be5', '18694593-da95-4a48-9438-9617946f3277', 'NT', 'MT', 'Matthew', 1, 1, 18, 25, 0, '2025-11-02T14:59:26.814Z'),
  ('60cc7793-ba0c-47c0-964b-d41e8cb1bd0d', 'ca422099-4cba-417e-a587-0b9873618b33', 'NT', 'LK', 'Luke', 2, 2, 1, 7, 0, '2025-11-02T14:59:53.585Z'),
  ('01127c70-d382-4f23-98ba-6a99ba9767c9', '44a4b899-e771-462e-afab-a94958379ce4', 'NT', 'LK', 'Luke', 2, 2, 8, 20, 0, '2025-11-02T15:00:51.763Z'),
  ('48fe8467-6650-4fc4-8074-a1f74b74855c', 'aa823b80-557c-4dfb-a764-1867d0d674ce', 'NT', 'LK', 'Luke', 2, 2, 21, 38, 0, '2025-11-02T15:01:39.486Z'),
  ('2890603a-4aae-4dc5-869d-3c4072f449ca', '4867ad80-b576-4076-889f-115c13d07ba1', 'NT', 'MT', 'Matthew', 2, 2, 1, 12, 0, '2025-11-02T15:02:13.297Z'),
  ('6652aec0-970f-4a73-b0ae-66a4eee1233e', '303aaee6-1000-480a-b6b0-ef10cb9cf836', 'NT', 'MT', 'Matthew', 2, 2, 13, 23, 0, '2025-11-02T15:03:09.621Z'),
  ('8d35a31b-a776-4c52-8217-20cb81aec637', '303aaee6-1000-480a-b6b0-ef10cb9cf836', 'NT', 'LK', 'Luke', 2, 2, 39, 40, 1, '2025-11-02T15:03:09.621Z'),
  ('30f92d74-a983-4a3b-90b6-67f4261ac84f', '7be71e32-9105-465f-a72d-be8a56481490', 'NT', 'GA', 'Galatians', 1, 1, 1, 12, 0, '2025-11-02T15:05:00.877Z'),
  ('031dad8f-a1c0-4714-8d61-2001f8c2f0c2', '8b1220e8-bf81-45e4-94a7-f807b3c3fc2c', 'NT', 'GA', 'Galatians', 1, 2, 13, 10, 0, '2025-11-02T15:05:59.542Z'),
  ('03eec57f-b8d7-4604-aad4-783a53796c36', '574816ee-eea4-41e2-8f32-c2fc8afa92c6', 'NT', 'MT', 'Matthew', 1, 1, 1, 25, 0, '2025-11-11T12:28:15.892Z'),
  ('54681c6e-d09a-477f-818f-c19d8ee213e8', '4346b6c4-7dcc-4710-9358-55643563a52a', 'NT', 'GA', 'Galatians', 3, 3, 1, 14, 0, '2025-11-02T15:07:11.653Z'),
  ('a6902904-3875-4aa6-9457-2bc6acac07eb', '21caa8d9-ab6c-499b-8d0f-cb90c75c754c', 'NT', 'MT', 'Matthew', 2, 2, 11, 23, 0, '2025-11-02T15:07:17.425Z'),
  ('77d42ae7-d2f8-4070-be76-de586eaee213', 'b5a9312f-707f-4b06-ae35-2c313ecda47c', 'NT', 'GA', 'Galatians', 3, 3, 15, 29, 0, '2025-11-02T15:07:49.447Z'),
  ('b0ee855d-b29a-4487-9924-5254cc820450', 'dfbc8375-c883-47a6-938a-6416c28aca27', 'NT', 'GA', 'Galatians', 4, 4, 1, 20, 0, '2025-11-02T15:08:21.435Z'),
  ('c6bde009-b2b4-4bd5-bcc0-f3c7e6c7e365', '09dda63a-4c6a-4ad8-a562-e374cd590bdd', 'NT', 'GA', 'Galatians', 4, 4, 21, 31, 0, '2025-11-02T15:09:06.696Z'),
  ('1df17b48-04b6-426a-9be0-f68fa9698462', 'd8e263f8-44e9-4ace-9ffe-0fd24938be77', 'NT', 'GA', 'Galatians', 5, 5, 1, 18, 0, '2025-11-02T15:09:50.662Z'),
  ('ec64f826-f09b-4888-9f68-0ae1b2c5a75e', 'c4959db2-7abe-4b86-8e35-771cab805ced', 'NT', 'MT', 'Matthew', 5, 6, 19, 5, 0, '2025-11-02T15:10:31.683Z'),
  ('cbe9acbd-e046-480d-ae2a-22bdec6ace2f', '59b0581f-b342-48b2-82f6-966f2b223eb9', 'NT', 'GA', 'Galatians', 6, 6, 6, 18, 0, '2025-11-02T15:11:08.308Z'),
  ('76bbc5f3-ee81-466c-b940-c8d8ad569f30', '508695c3-b86b-45ae-98ea-12fd0f721597', 'OT', 'GE', 'Genesis', 16, 16, 1, 13, 0, '2025-11-03T02:04:39.723Z'),
  ('31761d66-5973-4438-8d20-affc7f4f50ed', 'e5fbd8bb-6afe-427d-990b-3980403fc126', 'OT', 'IS', 'Isaiah', 7, 7, 1, 17, 0, '2025-11-03T02:05:51.699Z'),
  ('4544d077-fdd3-475d-9f75-f8b43ec73ff4', 'e5fbd8bb-6afe-427d-990b-3980403fc126', 'NT', 'MT', 'Matthew', 1, 1, 18, 25, 1, '2025-11-03T02:05:51.699Z'),
  ('0b3e33ba-0153-43ff-86c3-0ff205b19350', '010b27af-f28d-4f37-9350-385e7835fb43', 'NT', 'RE', 'Revelation', 21, 21, 1, 8, 0, '2025-11-03T02:07:03.765Z'),
  ('23cb6e1a-361b-4954-b444-19e9ca17ca4f', 'e0a2da62-04f5-43df-b8c6-99c5a3bdac4c', 'NT', 'PH', 'Philippians', 1, 1, 27, 28, 0, '2025-11-03T02:08:20.337Z'),
  ('065c2442-8960-4702-8b90-09aa0fede73a', '5eca3a37-5f25-4c8d-93b8-2b432ebc17c6', 'NT', 'IPE', '1 Peter', 5, 5, 1, 4, 0, '2025-11-03T02:09:32.738Z'),
  ('24f6344e-8e81-4435-b74d-42d59b00035c', '8224550f-da0c-4613-97e6-d261910f540a', 'NT', 'EP', 'Ephesians', 4, 4, 1, 6, 0, '2025-11-03T02:13:57.152Z'),
  ('a59c9242-65c2-453b-8533-6bebcbb320c9', '8224550f-da0c-4613-97e6-d261910f540a', 'NT', 'EP', 'Ephesians', 4, 4, 11, 13, 1, '2025-11-03T02:13:57.152Z'),
  ('5b1c09ed-454c-4770-b618-d7cec7fd76ec', 'beca782b-c1ed-418d-b53e-9a4de043ecfc', 'NT', 'TI', 'Titus', 2, 2, 3, 5, 0, '2025-11-03T02:25:21.822Z'),
  ('b3fc11f3-2d8b-4b7e-a7d5-321b59a74751', '1b8b4085-224f-406c-91b8-a4b2b87ef81a', 'NT', '1CO', '1 Corinthians', 11, 11, 23, 26, 0, '2025-11-03T02:27:26.352Z'),
  ('db015240-0dcf-4afd-a943-60d63f64a370', '0c6bfd60-66ce-447c-9cfe-96d196e686e3', 'NT', 'LK', 'Luke', 22, 22, 39, 46, 0, '2025-11-03T15:50:36.777Z'),
  ('cd4a92d8-a224-443f-a559-e3d73148a93f', '2b5a68f3-4da0-437f-b1b5-9ab14d23141a', 'NT', 'LK', 'Luke', 22, 22, 14, 20, 0, '2025-11-03T15:50:44.670Z'),
  ('50ff4e34-ee31-4ef2-9abb-44bd711666d4', 'd978b74a-aa62-48d0-9f3e-d7939258d068', 'NT', 'MT', 'Matthew', 26, 26, 47, 56, 0, '2025-11-03T15:51:41.210Z'),
  ('12b59cfd-edb2-4e15-9c0f-b85f39ce4a52', '65d50e01-1090-4fee-b6f6-d8a1285048d1', 'NT', 'JN', 'John', 18, 18, 12, 14, 0, '2025-11-03T15:52:41.874Z'),
  ('d1d008a5-7fc6-4b50-af35-d1d62115a3d2', '65d50e01-1090-4fee-b6f6-d8a1285048d1', 'NT', 'JN', 'John', 18, 18, 19, 24, 1, '2025-11-03T15:52:41.874Z'),
  ('ecd2f4cf-1aa2-429d-b53c-8f4aae1f6784', '3c819a42-bdf1-40dc-9302-edee6e020818', 'NT', 'LK', 'Luke', 23, 23, 26, 31, 0, '2025-11-03T15:55:48.391Z'),
  ('d7ee746e-7dc8-4c1d-9f97-a395ff473ce0', '2314f415-b9bd-4c2f-bce0-61e3dc844d29', 'NT', 'MT', 'Matthew', 27, 27, 35, 35, 0, '2025-11-03T15:57:50.155Z'),
  ('d49bc1f5-edca-48d2-ac4c-6e89d5d1ed71', '2314f415-b9bd-4c2f-bce0-61e3dc844d29', 'NT', 'MK', 'Mark', 15, 15, 24, 24, 1, '2025-11-03T15:57:50.155Z'),
  ('d0b579a4-d3b9-4f17-a230-92d765e4b4ef', '2314f415-b9bd-4c2f-bce0-61e3dc844d29', 'NT', 'LK', 'Luke', 23, 23, 33, 33, 2, '2025-11-03T15:57:50.155Z'),
  ('97263399-fb47-492c-9388-ce5f6e401bed', '2314f415-b9bd-4c2f-bce0-61e3dc844d29', 'NT', 'JN', 'John', 19, 19, 18, 18, 3, '2025-11-03T15:57:50.155Z'),
  ('79d7553e-0694-4f8b-9965-e3003deab7ff', '65027af3-e7c9-48f1-b570-86d041fb21f4', 'NT', 'JN', 'John', 19, 19, 28, 30, 0, '2025-11-03T15:58:43.908Z'),
  ('52fa9378-00d4-40ab-9071-ccf7f9501350', 'cd26d130-04d5-49d1-9853-eab8cc33ee44', 'NT', 'MT', 'Matthew', 27, 27, 51, 54, 0, '2025-11-03T15:59:29.235Z'),
  ('2229c423-0e5e-46ab-b3d9-be8509edf49f', '02ae6f59-58fe-4c71-9af9-f807967d297c', 'NT', 'HE', 'Hebrews', 11, 11, 23, 23, 0, '2025-11-03T16:00:48.817Z'),
  ('e0a4ee4a-c88c-4e4f-88a6-551e3f7b2349', 'c09f2e31-c5d5-4660-990c-3b0e50e21078', 'NT', 'HE', 'Hebrews', 11, 11, 24, 26, 0, '2025-11-03T16:01:29.209Z'),
  ('7a2ce047-4168-470c-925d-52f5be417093', 'e7fa9f2b-ad49-4767-bef8-68e101acf5eb', 'NT', 'HE', 'Hebrews', 11, 11, 27, 27, 0, '2025-11-03T16:02:22.263Z'),
  ('578d3c6e-25d8-46f0-a8f3-199554597874', 'b0b25010-8ddb-4b91-a715-16335d5d3e9c', 'NT', 'HE', 'Hebrews', 11, 11, 28, 28, 0, '2025-11-03T16:03:02.114Z'),
  ('c113d150-61bc-4c9a-8fa8-6f3c3635cbd4', 'c6c6138e-91c4-4836-b149-8cd224b6de22', 'NT', 'HE', 'Hebrews', 11, 11, 29, 29, 0, '2025-11-03T16:03:48.947Z'),
  ('2cd929d1-4634-4b44-8ec1-f6c1fa6fb7a3', 'aab6ea6c-8372-4965-bf53-d5b0367edc2a', 'NT', 'MT', 'Matthew', 22, 22, 34, 39, 0, '2025-11-03T16:05:08.596Z'),
  ('d7785713-6560-4aeb-8523-b4b8ee22463b', '15b8b281-050d-480c-8a5f-9221ae2593ab', 'NT', 'MT', 'Matthew', 22, 22, 34, 39, 0, '2025-11-03T16:05:53.666Z'),
  ('16dd725f-ffbd-4fc9-8739-fcf5ca544f5d', 'f6b05757-7193-4817-a8eb-3af0dfe7c935', 'NT', 'RO', 'Romans', 12, 12, 3, 8, 0, '2025-11-03T16:06:59.603Z'),
  ('0a795770-33cf-41dc-aaaa-e54fc7ad3bf6', '4663a6f7-d1e2-44e7-a6c9-383488812a1a', 'NT', 'RE', 'Revelation', 12, 12, 1, 2, 0, '2025-11-03T16:07:38.675Z'),
  ('62839375-24c4-4003-a363-b9a8d365ff21', '7899d57d-5417-40ab-88db-8fa0dfc4d897', 'NT', 'RE', 'Revelation', 12, 12, 3, 4, 0, '2025-11-03T16:08:19.283Z'),
  ('be279214-d54b-4ba3-b582-42293d225e53', '007127f0-1d95-48d3-a3d4-63731ad7a0a4', 'NT', 'RE', 'Revelation', 12, 12, 5, 5, 0, '2025-11-03T16:09:19.361Z'),
  ('448be31f-3f54-4679-a0d2-ea087685dc45', 'b56f453e-04a0-4e2f-aed3-23399fb764a7', 'NT', 'RE', 'Revelation', 12, 12, 10, 12, 0, '2025-11-03T16:10:00.371Z'),
  ('278e1ebd-2e61-412d-bc57-30c9ff2d3eb4', '84b64c3e-d2b7-42f6-8cca-ec6175701ba2', 'NT', '2CO', '2 Corinthians', 9, 9, 6, 9, 0, '2025-11-03T16:11:41.098Z'),
  ('30bcdd7c-3e1f-4f5e-8976-2bfd145aee15', '46af074a-803a-42d9-b6f4-fc7899447a22', 'NT', '2CO', '2 Corinthians', 9, 9, 10, 12, 0, '2025-11-03T16:12:32.679Z'),
  ('b736b2c3-a04c-4452-8914-0a225a0f8b58', '6e491cf7-43ee-4654-a74a-be7095f82a0c', 'NT', 'EP', 'Ephesians', 5, 5, 33, 33, 0, '2025-11-03T16:13:50.415Z'),
  ('59498322-8128-4938-86f9-fc713d66b95b', '6f7bcc8f-a097-4bea-93b7-042969cb9b11', 'NT', 'EP', 'Ephesians', 5, 5, 25, 32, 0, '2025-11-03T16:16:27.765Z'),
  ('cb26f8db-baf9-4438-9377-aa4b644b2991', 'b351cac5-f31f-4783-b96e-dea8b9601a54', 'NT', 'IPE', '1 Peter', 3, 3, 1, 6, 0, '2025-11-03T16:16:35.257Z'),
  ('d77c451c-903c-45a6-9e63-9c0d99c5adcb', '06711569-142b-49da-80aa-8939d210de33', 'NT', 'CO', 'Colossians', 3, 3, 19, 19, 0, '2025-11-03T16:16:41.739Z'),
  ('a54cfe88-5efc-4eef-8947-b05ca09bb908', '06711569-142b-49da-80aa-8939d210de33', 'NT', 'IPE', '1 Peter', 3, 3, 7, 7, 1, '2025-11-03T16:16:41.739Z'),
  ('e2877880-b6e1-43c5-858f-8f79f1aa7c22', 'deecc6cb-a37f-4c90-a43b-9bd94d85497f', 'NT', 'EP', 'Ephesians', 5, 5, 22, 24, 0, '2025-11-03T16:17:19.415Z'),
  ('a9684a5e-fa12-486d-8869-36519ef154f0', 'e5933297-37b0-47ce-ad4f-a050897fe8b0', 'NT', '1CO', '1 Corinthians', 7, 7, 3, 5, 0, '2025-11-03T16:18:13.694Z'),
  ('f6962dea-66cb-4f3b-98f3-db1277954c75', 'fe2b1859-6d74-4446-9927-8773c9547918', 'NT', 'MT', 'Matthew', 1, 1, 1, 25, 0, '2025-11-11T12:28:40.131Z'),
  ('b96d804b-51a5-4261-b6f1-0c540ba6b409', 'c589df0d-f7f7-4d97-b607-b483f365a48f', 'NT', 'MT', 'Matthew', 1, 1, 1, 25, 0, '2025-11-11T12:29:15.986Z'),
  ('cd5a8a7e-4e76-4163-ba1a-b6111378a6d6', 'e935987e-492b-4c0a-9cbe-094b05c82f87', 'NT', 'MT', 'Matthew', 1, 1, 1, 25, 0, '2025-11-11T12:31:29.338Z'),
  ('827032d9-591d-42db-87d3-b7909d3f208a', '0e2cd4bb-d65c-497d-87eb-b4c84404f9e9', 'NT', 'MT', 'Matthew', 1, 1, 1, 25, 0, '2025-11-11T12:31:37.530Z'),
  ('3f001d30-fcb8-4d8e-aeaf-9e28bdc8fd0b', '2e226e88-8a7a-492e-9aeb-a4c08fda9ce1', 'NT', 'MT', 'Matthew', 1, 1, 1, 25, 0, '2025-11-11T12:31:44.897Z'),
  ('cbf33d9e-b0d6-4b86-a77c-77a947bb7b64', '7364ef09-84f9-49a5-8f26-76477beeaa99', 'NT', 'EP', 'Ephesians', 4, 4, 1, 6, 0, '2025-11-03T16:22:06.507Z'),
  ('20eb4b4c-4d0b-4ec6-bcdf-c07b1bb2842b', '7364ef09-84f9-49a5-8f26-76477beeaa99', 'NT', 'EP', 'Ephesians', 1, 1, 13, 14, 1, '2025-11-03T16:22:06.507Z'),
  ('b87eb6ec-3634-44ed-9ba8-f8a6999d261e', '7364ef09-84f9-49a5-8f26-76477beeaa99', 'NT', 'EP', 'Ephesians', 2, 2, 18, 18, 2, '2025-11-03T16:22:06.507Z'),
  ('424cb8b5-9ab1-4060-b38e-49e6dbfcb856', '7364ef09-84f9-49a5-8f26-76477beeaa99', 'NT', 'EP', 'Ephesians', 2, 2, 22, 22, 3, '2025-11-03T16:22:06.507Z'),
  ('6aec4b4b-7f5e-4cb1-9802-96d913e9fea1', 'c4572b01-f7fd-4371-b9a7-32738729f039', 'NT', 'EP', 'Ephesians', 4, 4, 1, 6, 0, '2025-11-03T16:22:29.971Z'),
  ('22b85790-b695-4eb9-bbd0-4231cadd0edf', '37fb648a-1584-484c-85b5-59b1af45f4fc', 'NT', 'EP', 'Ephesians', 4, 4, 1, 6, 0, '2025-11-03T16:23:39.281Z'),
  ('205701b3-ec1d-41c9-922d-389f38b4fc6d', '37fb648a-1584-484c-85b5-59b1af45f4fc', 'NT', 'EP', 'Ephesians', 4, 4, 11, 16, 1, '2025-11-03T16:23:39.281Z'),
  ('e1abb016-a5cc-4f0a-a6bf-16782acfc3f2', 'aece5063-9b9d-4a2a-a23d-13196dafa3e7', 'NT', 'EP', 'Ephesians', 4, 4, 1, 6, 0, '2025-11-03T16:25:18.127Z'),
  ('d5940d11-6bad-4a8b-9090-ae01b7028d55', 'aece5063-9b9d-4a2a-a23d-13196dafa3e7', 'NT', 'MK', 'Mark', 16, 16, 16, 16, 1, '2025-11-03T16:25:18.127Z'),
  ('1cd4c68d-c340-45f3-8942-40e645a94946', 'aece5063-9b9d-4a2a-a23d-13196dafa3e7', 'NT', 'AC', 'Acts', 2, 2, 38, 38, 2, '2025-11-03T16:25:18.127Z'),
  ('905e1e39-4581-458c-8333-bb6dfd291f4d', 'aece5063-9b9d-4a2a-a23d-13196dafa3e7', 'NT', 'IPE', '1 Peter', 3, 3, 21, 21, 3, '2025-11-03T16:25:18.127Z'),
  ('0872f5aa-8953-4d17-b19e-95c22c35d2df', '8321b062-a65b-405e-ae5d-0647d0dcc6e8', 'NT', 'MT', 'Matthew', 1, 1, 1, 25, 0, '2025-11-11T12:32:01.622Z'),
  ('d9f6fbf4-4ce0-4b15-890b-40703d6f983b', 'b9d158a2-8ad1-4dcd-820c-64d909989974', 'NT', 'MT', 'Matthew', 1, 1, 1, 25, 0, '2025-11-09T21:28:21.532Z'),
  ('5edda7a1-bc42-4dc9-9fab-761f2481a414', 'b0a239f4-3262-482e-8a6e-c375b0cbcad4', 'NT', 'MT', 'Matthew', 1, 1, 1, 25, 0, '2025-11-09T21:28:35.814Z'),
  ('fc8d5207-7e92-4920-883a-3ac25a5ec37b', '249cb9c4-9e3d-4d4a-a48b-15386454bed9', 'NT', 'MT', 'Matthew', 1, 1, 1, 25, 0, '2025-11-11T12:32:08.839Z'),
  ('57b7a8da-2a57-4b7e-bde3-417739ab6368', '2d11b2b6-b097-4127-8bc2-1b1801d3ad1f', 'NT', 'MT', 'Matthew', 1, 1, 1, 25, 0, '2025-11-09T21:28:57.413Z'),
  ('c9a5efd0-4737-4cf9-8690-8800201f5d69', 'cfe19e58-8e8f-4fa1-93b4-dcb267023e7f', 'NT', 'MT', 'Matthew', 1, 1, 1, 25, 0, '2025-11-09T21:29:04.755Z'),
  ('496b04a1-422f-43ad-9b29-9c36883c601a', '9eab4ac2-b3fb-4b44-ad5d-22f0341b45c8', 'NT', 'MT', 'Matthew', 1, 1, 1, 25, 0, '2025-11-11T12:32:15.356Z'),
  ('6c19a3d6-db7f-4a3a-a19a-8caf3725caa2', 'ff818436-1493-453b-805c-f4fc27544f02', 'NT', 'MT', 'Matthew', 1, 1, 1, 25, 0, '2025-11-09T21:29:21.235Z'),
  ('85837c07-53ca-4012-bf75-366654deae17', 'b09a9871-69a7-4121-bf61-88ead09e1954', 'NT', 'MT', 'Matthew', 1, 1, 1, 25, 0, '2025-11-09T21:29:30.154Z'),
  ('3d08376c-213e-4605-8869-8a89a01ccd62', '9c682ecf-c34b-4604-87c6-57225aa46e6a', 'NT', 'MT', 'Matthew', 1, 1, 1, 25, 0, '2025-11-11T12:32:28.066Z'),
  ('be931994-fed3-4577-9d0f-6469eb524cd5', '317fb9de-05d7-46b0-9f8b-e478a94ae319', 'NT', 'MT', 'Matthew', 1, 1, 1, 25, 0, '2025-11-11T12:32:35.290Z'),
  ('5922f968-a189-49a8-979e-601a56bdfcd4', '00b8e754-9cbd-498f-bb7d-eaabf8ed08d4', 'NT', 'MT', 'Matthew', 1, 1, 1, 25, 0, '2025-11-11T12:32:42.266Z');

-- Re-enable triggers
SET session_replication_role = DEFAULT;

-- =====================================================
-- Seed data import complete!
-- =====================================================
